Wanderung gegenüber Wien nach Migrationshintergrund und Geschlecht;;;;;;;;;;;;;;;
Migration in Vienna by migrationbackground and sex;;;;;;;;;;;;;;;
NUTS1;NUTS2;NUTS3;DISTRICT_CODE;SUB_DISTRICT_CODE;SEX;MIG_BACKGROUND;MIG_NET_TOTAL;MIG_NET_EXT;IMM_EXT;EMI_EXT;MIG_NET_INT;IMM_INT;EMI_INT;MIG_VIE_INT;REF_DATE
AT1;AT13;AT130;00000;00000000;2;AUT;-795;-794;1779;2573;-1;10130;10131;35752;2002
AT1;AT13;AT130;00000;00000000;2;DEU;458;448;1020;572;10;270;260;1248;2002
AT1;AT13;AT130;00000;00000000;2;POL;522;537;837;300;-15;105;120;1220;2002
AT1;AT13;AT130;00000;00000000;2;ROU;751;682;890;208;69;173;104;706;2002
AT1;AT13;AT130;00000;00000000;2;SVK;520;526;689;163;-6;67;73;488;2002
AT1;AT13;AT130;00000;00000000;2;HUN;206;190;372;182;16;117;101;498;2002
AT1;AT13;AT130;00000;00000000;2;BGR;296;294;442;148;2;45;43;429;2002
AT1;AT13;AT130;00000;00000000;2;CZE;78;112;236;124;-34;87;121;581;2002
AT1;AT13;AT130;00000;00000000;2;REST-EU;131;136;960;824;-5;149;154;946;2002
AT1;AT13;AT130;00000;00000000;2;SCG;1534;1486;2446;960;48;349;301;5581;2002
AT1;AT13;AT130;00000;00000000;2;TUR;2244;2098;2484;386;146;317;171;3637;2002
AT1;AT13;AT130;00000;00000000;2;BIH;457;355;497;142;102;194;92;1666;2002
AT1;AT13;AT130;00000;00000000;2;HRV;415;387;553;166;28;87;59;911;2002
AT1;AT13;AT130;00000;00000000;2;MKD;260;259;319;60;1;23;22;423;2002
AT1;AT13;AT130;00000;00000000;2;RUS;243;222;301;79;21;52;31;342;2002
AT1;AT13;AT130;00000;00000000;2;CHN;753;680;792;112;73;162;89;634;2002
AT1;AT13;AT130;00000;00000000;2;OTHER;2224;1978;4000;2022;246;748;502;4799;2002
AT1;AT13;AT130;00000;00000000;1;AUT;252;89;4019;3930;163;9995;9832;36361;2002
AT1;AT13;AT130;00000;00000000;1;DEU;674;619;1205;586;55;279;224;1181;2002
AT1;AT13;AT130;00000;00000000;1;POL;188;194;743;549;-6;94;100;1045;2002
AT1;AT13;AT130;00000;00000000;1;ROU;569;527;727;200;42;129;87;555;2002
AT1;AT13;AT130;00000;00000000;1;SVK;145;153;276;123;-8;50;58;257;2002
AT1;AT13;AT130;00000;00000000;1;HUN;80;68;299;231;12;81;69;362;2002
AT1;AT13;AT130;00000;00000000;1;BGR;283;277;440;163;6;37;31;369;2002
AT1;AT13;AT130;00000;00000000;1;CZE;24;43;140;97;-19;55;74;299;2002
AT1;AT13;AT130;00000;00000000;1;REST-EU;248;265;1319;1054;-17;160;177;1087;2002
AT1;AT13;AT130;00000;00000000;1;SCG;1614;1507;3058;1551;107;485;378;5889;2002
AT1;AT13;AT130;00000;00000000;1;TUR;2219;2053;2814;761;166;473;307;5661;2002
AT1;AT13;AT130;00000;00000000;1;BIH;645;561;783;222;84;197;113;1746;2002
AT1;AT13;AT130;00000;00000000;1;HRV;464;438;710;272;26;104;78;1118;2002
AT1;AT13;AT130;00000;00000000;1;MKD;312;309;495;186;3;48;45;708;2002
AT1;AT13;AT130;00000;00000000;1;RUS;207;182;282;100;25;55;30;274;2002
AT1;AT13;AT130;00000;00000000;1;CHN;569;502;621;119;67;162;95;518;2002
AT1;AT13;AT130;00000;00000000;1;OTHER;2698;2215;5920;3705;483;1272;789;8895;2002
AT1;AT13;AT130;00000;00000000;2;AUT;-2134;-931;1389;2320;-1203;8879;10082;35166;2003
AT1;AT13;AT130;00000;00000000;2;DEU;492;546;1081;535;-54;238;292;1202;2003
AT1;AT13;AT130;00000;00000000;2;POL;525;538;979;441;-13;113;126;1206;2003
AT1;AT13;AT130;00000;00000000;2;ROU;694;694;1105;411;0;167;167;978;2003
AT1;AT13;AT130;00000;00000000;2;SVK;343;370;636;266;-27;72;99;566;2003
AT1;AT13;AT130;00000;00000000;2;HUN;127;129;369;240;-2;98;100;469;2003
AT1;AT13;AT130;00000;00000000;2;BGR;367;347;560;213;20;61;41;566;2003
AT1;AT13;AT130;00000;00000000;2;CZE;2;39;206;167;-37;82;119;474;2003
AT1;AT13;AT130;00000;00000000;2;REST-EU;222;208;1088;880;14;156;142;975;2003
AT1;AT13;AT130;00000;00000000;2;SCG;2048;2011;3014;1003;37;394;357;5967;2003
AT1;AT13;AT130;00000;00000000;2;TUR;2035;1951;2387;436;84;294;210;3504;2003
AT1;AT13;AT130;00000;00000000;2;BIH;633;552;709;157;81;209;128;1690;2003
AT1;AT13;AT130;00000;00000000;2;HRV;272;255;478;223;17;101;84;933;2003
AT1;AT13;AT130;00000;00000000;2;MKD;314;307;354;47;7;43;36;393;2003
AT1;AT13;AT130;00000;00000000;2;RUS;430;344;450;106;86;133;47;394;2003
AT1;AT13;AT130;00000;00000000;2;CHN;578;554;761;207;24;162;138;1062;2003
AT1;AT13;AT130;00000;00000000;2;OTHER;2415;2121;4384;2263;294;754;460;5274;2003
AT1;AT13;AT130;00000;00000000;1;AUT;-1840;-697;3507;4204;-1143;8973;10116;36147;2003
AT1;AT13;AT130;00000;00000000;1;DEU;544;600;1246;646;-56;251;307;1160;2003
AT1;AT13;AT130;00000;00000000;1;POL;209;198;826;628;11;112;101;1192;2003
AT1;AT13;AT130;00000;00000000;1;ROU;553;583;1188;605;-30;130;160;755;2003
AT1;AT13;AT130;00000;00000000;1;SVK;149;148;300;152;1;37;36;251;2003
AT1;AT13;AT130;00000;00000000;1;HUN;24;26;307;281;-2;78;80;367;2003
AT1;AT13;AT130;00000;00000000;1;BGR;192;196;499;303;-4;34;38;482;2003
AT1;AT13;AT130;00000;00000000;1;CZE;-32;-12;126;138;-20;55;75;299;2003
AT1;AT13;AT130;00000;00000000;1;REST-EU;356;380;1491;1111;-24;157;181;1092;2003
AT1;AT13;AT130;00000;00000000;1;SCG;2014;1941;3738;1797;73;506;433;6605;2003
AT1;AT13;AT130;00000;00000000;1;TUR;1668;1594;2525;931;74;467;393;5603;2003
AT1;AT13;AT130;00000;00000000;1;BIH;514;480;762;282;34;217;183;1888;2003
AT1;AT13;AT130;00000;00000000;1;HRV;207;213;564;351;-6;97;103;1089;2003
AT1;AT13;AT130;00000;00000000;1;MKD;271;262;425;163;9;71;62;718;2003
AT1;AT13;AT130;00000;00000000;1;RUS;390;331;478;147;59;116;57;424;2003
AT1;AT13;AT130;00000;00000000;1;CHN;480;459;718;259;21;148;127;803;2003
AT1;AT13;AT130;00000;00000000;1;OTHER;2032;1903;6563;4660;129;1185;1056;9757;2003
AT1;AT13;AT130;00000;00000000;2;AUT;-3064;-870;1365;2235;-2194;8721;10915;35549;2004
AT1;AT13;AT130;00000;00000000;2;DEU;859;924;1546;622;-65;255;320;1489;2004
AT1;AT13;AT130;00000;00000000;2;POL;1472;1537;2045;508;-65;108;173;1456;2004
AT1;AT13;AT130;00000;00000000;2;ROU;594;559;1114;555;35;215;180;1168;2004
AT1;AT13;AT130;00000;00000000;2;SVK;591;577;904;327;14;98;84;667;2004
AT1;AT13;AT130;00000;00000000;2;HUN;217;225;479;254;-8;114;122;530;2004
AT1;AT13;AT130;00000;00000000;2;BGR;315;297;581;284;18;63;45;618;2004
AT1;AT13;AT130;00000;00000000;2;CZE;23;65;246;181;-42;76;118;510;2004
AT1;AT13;AT130;00000;00000000;2;REST-EU;243;279;1242;963;-36;139;175;1028;2004
AT1;AT13;AT130;00000;00000000;2;SCG;2269;2219;3388;1169;50;411;361;6667;2004
AT1;AT13;AT130;00000;00000000;2;TUR;1417;1376;1864;488;41;255;214;3733;2004
AT1;AT13;AT130;00000;00000000;2;BIH;606;500;674;174;106;221;115;1756;2004
AT1;AT13;AT130;00000;00000000;2;HRV;351;328;542;214;23;104;81;912;2004
AT1;AT13;AT130;00000;00000000;2;MKD;331;332;396;64;-1;31;32;521;2004
AT1;AT13;AT130;00000;00000000;2;RUS;555;534;673;139;21;226;205;860;2004
AT1;AT13;AT130;00000;00000000;2;CHN;373;351;634;283;22;170;148;1214;2004
AT1;AT13;AT130;00000;00000000;2;OTHER;2538;2320;4508;2188;218;838;620;6177;2004
AT1;AT13;AT130;00000;00000000;1;AUT;-2596;-573;3492;4065;-2023;8744;10767;35828;2004
AT1;AT13;AT130;00000;00000000;1;DEU;878;937;1665;728;-59;270;329;1341;2004
AT1;AT13;AT130;00000;00000000;1;POL;2102;2129;2922;793;-27;136;163;1442;2004
AT1;AT13;AT130;00000;00000000;1;ROU;135;207;1021;814;-72;132;204;859;2004
AT1;AT13;AT130;00000;00000000;1;SVK;239;216;465;249;23;69;46;323;2004
AT1;AT13;AT130;00000;00000000;1;HUN;-63;-29;391;420;-34;73;107;348;2004
AT1;AT13;AT130;00000;00000000;1;BGR;138;138;502;364;0;35;35;499;2004
AT1;AT13;AT130;00000;00000000;1;CZE;-48;-10;149;159;-38;49;87;287;2004
AT1;AT13;AT130;00000;00000000;1;REST-EU;343;398;1688;1290;-55;156;211;1161;2004
AT1;AT13;AT130;00000;00000000;1;SCG;2272;2268;4130;1862;4;474;470;7530;2004
AT1;AT13;AT130;00000;00000000;1;TUR;1123;1091;2056;965;32;426;394;5806;2004
AT1;AT13;AT130;00000;00000000;1;BIH;711;592;908;316;119;284;165;2013;2004
AT1;AT13;AT130;00000;00000000;1;HRV;222;228;603;375;-6;95;101;1064;2004
AT1;AT13;AT130;00000;00000000;1;MKD;265;247;424;177;18;90;72;790;2004
AT1;AT13;AT130;00000;00000000;1;RUS;505;517;707;190;-12;212;224;913;2004
AT1;AT13;AT130;00000;00000000;1;CHN;274;287;588;301;-13;136;149;910;2004
AT1;AT13;AT130;00000;00000000;1;OTHER;3468;3341;7319;3978;127;1479;1352;11776;2004
AT1;AT13;AT130;00000;00000000;2;AUT;-2015;-356;1214;1570;-1659;9198;10857;37188;2005
AT1;AT13;AT130;00000;00000000;2;DEU;907;977;1623;646;-70;279;349;1551;2005
AT1;AT13;AT130;00000;00000000;2;POL;1173;1268;1921;653;-95;119;214;1752;2005
AT1;AT13;AT130;00000;00000000;2;ROU;454;432;1025;593;22;213;191;1173;2005
AT1;AT13;AT130;00000;00000000;2;SVK;524;541;953;412;-17;114;131;855;2005
AT1;AT13;AT130;00000;00000000;2;HUN;112;148;440;292;-36;109;145;556;2005
AT1;AT13;AT130;00000;00000000;2;BGR;150;147;479;332;3;51;48;672;2005
AT1;AT13;AT130;00000;00000000;2;CZE;3;74;235;161;-71;76;147;523;2005
AT1;AT13;AT130;00000;00000000;2;REST-EU;292;316;1306;990;-24;140;164;1120;2005
AT1;AT13;AT130;00000;00000000;2;SCG;1876;1940;2877;937;-64;386;450;6965;2005
AT1;AT13;AT130;00000;00000000;2;TUR;1384;1362;1784;422;22;235;213;3884;2005
AT1;AT13;AT130;00000;00000000;2;BIH;447;388;570;182;59;221;162;1798;2005
AT1;AT13;AT130;00000;00000000;2;HRV;218;221;455;234;-3;77;80;921;2005
AT1;AT13;AT130;00000;00000000;2;MKD;261;240;302;62;21;63;42;488;2005
AT1;AT13;AT130;00000;00000000;2;RUS;451;263;377;114;188;269;81;867;2005
AT1;AT13;AT130;00000;00000000;2;CHN;202;235;540;305;-33;169;202;1099;2005
AT1;AT13;AT130;00000;00000000;2;OTHER;2376;2063;4268;2205;313;928;615;6601;2005
AT1;AT13;AT130;00000;00000000;1;AUT;-1542;243;3335;3092;-1785;9079;10864;36668;2005
AT1;AT13;AT130;00000;00000000;1;DEU;1016;1097;1839;742;-81;281;362;1529;2005
AT1;AT13;AT130;00000;00000000;1;POL;1651;1722;2740;1018;-71;139;210;1922;2005
AT1;AT13;AT130;00000;00000000;1;ROU;278;311;1006;695;-33;149;182;824;2005
AT1;AT13;AT130;00000;00000000;1;SVK;190;227;599;372;-37;50;87;381;2005
AT1;AT13;AT130;00000;00000000;1;HUN;63;98;430;332;-35;66;101;396;2005
AT1;AT13;AT130;00000;00000000;1;BGR;2;21;385;364;-19;28;47;496;2005
AT1;AT13;AT130;00000;00000000;1;CZE;-17;16;147;131;-33;40;73;280;2005
AT1;AT13;AT130;00000;00000000;1;REST-EU;300;348;1716;1368;-48;158;206;1287;2005
AT1;AT13;AT130;00000;00000000;1;SCG;1996;2054;3677;1623;-58;548;606;7988;2005
AT1;AT13;AT130;00000;00000000;1;TUR;1157;1147;1926;779;10;394;384;6094;2005
AT1;AT13;AT130;00000;00000000;1;BIH;558;536;836;300;22;226;204;2087;2005
AT1;AT13;AT130;00000;00000000;1;HRV;122;136;476;340;-14;98;112;1078;2005
AT1;AT13;AT130;00000;00000000;1;MKD;314;294;442;148;20;105;85;848;2005
AT1;AT13;AT130;00000;00000000;1;RUS;295;146;305;159;149;259;110;973;2005
AT1;AT13;AT130;00000;00000000;1;CHN;207;206;533;327;1;154;153;942;2005
AT1;AT13;AT130;00000;00000000;1;OTHER;1776;1546;5606;4060;230;1595;1365;12709;2005
AT1;AT13;AT130;00000;00000000;2;AUT;-1902;-513;1111;1624;-1389;9664;11053;36648;2006
AT1;AT13;AT130;00000;00000000;2;DEU;893;984;1712;728;-91;301;392;1801;2006
AT1;AT13;AT130;00000;00000000;2;POL;883;950;1608;658;-67;127;194;1968;2006
AT1;AT13;AT130;00000;00000000;2;ROU;172;180;885;705;-8;181;189;1222;2006
AT1;AT13;AT130;00000;00000000;2;SVK;273;297;808;511;-24;99;123;908;2006
AT1;AT13;AT130;00000;00000000;2;HUN;115;161;461;300;-46;93;139;583;2006
AT1;AT13;AT130;00000;00000000;2;BGR;61;57;417;360;4;50;46;637;2006
AT1;AT13;AT130;00000;00000000;2;CZE;-29;33;218;185;-62;76;138;523;2006
AT1;AT13;AT130;00000;00000000;2;REST-EU;224;248;1345;1097;-24;151;175;1034;2006
AT1;AT13;AT130;00000;00000000;2;SCG;422;456;1595;1139;-34;395;429;6927;2006
AT1;AT13;AT130;00000;00000000;2;TUR;582;528;999;471;54;259;205;3985;2006
AT1;AT13;AT130;00000;00000000;2;BIH;265;212;380;168;53;223;170;1776;2006
AT1;AT13;AT130;00000;00000000;2;HRV;160;153;389;236;7;91;84;991;2006
AT1;AT13;AT130;00000;00000000;2;MKD;116;115;179;64;1;27;26;501;2006
AT1;AT13;AT130;00000;00000000;2;RUS;372;162;287;125;210;320;110;628;2006
AT1;AT13;AT130;00000;00000000;2;CHN;95;67;374;307;28;159;131;1031;2006
AT1;AT13;AT130;00000;00000000;2;OTHER;1890;1536;4215;2679;354;901;547;6694;2006
AT1;AT13;AT130;00000;00000000;1;AUT;-2032;-468;2845;3313;-1564;9367;10931;37288;2006
AT1;AT13;AT130;00000;00000000;1;DEU;1013;1056;2017;961;-43;339;382;1681;2006
AT1;AT13;AT130;00000;00000000;1;POL;889;931;2089;1158;-42;161;203;2093;2006
AT1;AT13;AT130;00000;00000000;1;ROU;-142;-90;865;955;-52;137;189;823;2006
AT1;AT13;AT130;00000;00000000;1;SVK;105;134;570;436;-29;50;79;418;2006
AT1;AT13;AT130;00000;00000000;1;HUN;114;120;462;342;-6;89;95;369;2006
AT1;AT13;AT130;00000;00000000;1;BGR;0;-2;333;335;2;37;35;431;2006
AT1;AT13;AT130;00000;00000000;1;CZE;6;37;171;134;-31;45;76;277;2006
AT1;AT13;AT130;00000;00000000;1;REST-EU;31;75;1623;1548;-44;165;209;1282;2006
AT1;AT13;AT130;00000;00000000;1;SCG;196;243;2240;1997;-47;526;573;7929;2006
AT1;AT13;AT130;00000;00000000;1;TUR;334;327;1247;920;7;400;393;6014;2006
AT1;AT13;AT130;00000;00000000;1;BIH;154;130;435;305;24;214;190;1981;2006
AT1;AT13;AT130;00000;00000000;1;HRV;60;85;464;379;-25;101;126;1081;2006
AT1;AT13;AT130;00000;00000000;1;MKD;85;85;267;182;0;59;59;890;2006
AT1;AT13;AT130;00000;00000000;1;RUS;346;149;307;158;197;350;153;705;2006
AT1;AT13;AT130;00000;00000000;1;CHN;35;16;374;358;19;153;134;920;2006
AT1;AT13;AT130;00000;00000000;1;OTHER;986;446;4955;4509;540;1678;1138;11719;2006
AT1;AT13;AT130;00000;00000000;2;AUT;-2335;-940;1049;1989;-1395;10218;11613;37662;2007
AT1;AT13;AT130;00000;00000000;2;DEU;1065;1107;1943;836;-42;353;395;1996;2007
AT1;AT13;AT130;00000;00000000;2;POL;848;942;1566;624;-94;142;236;2074;2007
AT1;AT13;AT130;00000;00000000;2;ROU;1071;1098;1642;544;-27;205;232;1491;2007
AT1;AT13;AT130;00000;00000000;2;SVK;370;390;842;452;-20;113;133;1053;2007
AT1;AT13;AT130;00000;00000000;2;HUN;327;345;627;282;-18;131;149;616;2007
AT1;AT13;AT130;00000;00000000;2;BGR;471;461;706;245;10;75;65;709;2007
AT1;AT13;AT130;00000;00000000;2;CZE;27;52;220;168;-25;84;109;490;2007
AT1;AT13;AT130;00000;00000000;2;REST-EU;533;548;1551;1003;-15;167;182;1262;2007
AT1;AT13;AT130;00000;00000000;2;SCG;342;351;1491;1140;-9;342;351;6287;2007
AT1;AT13;AT130;00000;00000000;2;TUR;616;595;1137;542;21;269;248;4108;2007
AT1;AT13;AT130;00000;00000000;2;BIH;218;183;362;179;35;207;172;1969;2007
AT1;AT13;AT130;00000;00000000;2;HRV;132;102;339;237;30;104;74;946;2007
AT1;AT13;AT130;00000;00000000;2;MKD;164;163;221;58;1;41;40;584;2007
AT1;AT13;AT130;00000;00000000;2;RUS;523;234;351;117;289;398;109;901;2007
AT1;AT13;AT130;00000;00000000;2;CHN;73;59;349;290;14;159;145;956;2007
AT1;AT13;AT130;00000;00000000;2;OTHER;1967;1672;4432;2760;295;998;703;6944;2007
AT1;AT13;AT130;00000;00000000;1;AUT;-2088;-819;2692;3511;-1269;10080;11349;38252;2007
AT1;AT13;AT130;00000;00000000;1;DEU;1276;1349;2363;1014;-73;359;432;1967;2007
AT1;AT13;AT130;00000;00000000;1;POL;421;502;1724;1222;-81;150;231;2249;2007
AT1;AT13;AT130;00000;00000000;1;ROU;1051;1180;1853;673;-129;124;253;1133;2007
AT1;AT13;AT130;00000;00000000;1;SVK;165;198;598;400;-33;59;92;437;2007
AT1;AT13;AT130;00000;00000000;1;HUN;346;363;634;271;-17;105;122;435;2007
AT1;AT13;AT130;00000;00000000;1;BGR;352;354;633;279;-2;44;46;524;2007
AT1;AT13;AT130;00000;00000000;1;CZE;7;41;178;137;-34;35;69;259;2007
AT1;AT13;AT130;00000;00000000;1;REST-EU;514;552;1745;1193;-38;169;207;1307;2007
AT1;AT13;AT130;00000;00000000;1;SCG;87;85;2044;1959;2;474;472;7239;2007
AT1;AT13;AT130;00000;00000000;1;TUR;364;354;1328;974;10;414;404;6132;2007
AT1;AT13;AT130;00000;00000000;1;BIH;135;122;420;298;13;219;206;2207;2007
AT1;AT13;AT130;00000;00000000;1;HRV;66;89;431;342;-23;98;121;1120;2007
AT1;AT13;AT130;00000;00000000;1;MKD;77;82;262;180;-5;60;65;869;2007
AT1;AT13;AT130;00000;00000000;1;RUS;429;146;305;159;283;455;172;842;2007
AT1;AT13;AT130;00000;00000000;1;CHN;66;55;360;305;11;163;152;768;2007
AT1;AT13;AT130;00000;00000000;1;OTHER;1129;596;5231;4635;533;1764;1231;11261;2007
AT1;AT13;AT130;00000;00000000;2;AUT;-3073;-1106;1104;2210;-1967;9849;11816;36907;2008
AT1;AT13;AT130;00000;00000000;2;DEU;1048;1166;2170;1004;-118;316;434;2163;2008
AT1;AT13;AT130;00000;00000000;2;POL;485;577;1276;699;-92;128;220;2140;2008
AT1;AT13;AT130;00000;00000000;2;ROU;865;891;1539;648;-26;221;247;1559;2008
AT1;AT13;AT130;00000;00000000;2;SVK;321;378;824;446;-57;127;184;1092;2008
AT1;AT13;AT130;00000;00000000;2;HUN;307;313;717;404;-6;134;140;616;2008
AT1;AT13;AT130;00000;00000000;2;BGR;490;488;794;306;2;66;64;766;2008
AT1;AT13;AT130;00000;00000000;2;CZE;28;73;254;181;-45;71;116;491;2008
AT1;AT13;AT130;00000;00000000;2;REST-EU;279;298;1525;1227;-19;167;186;1308;2008
AT1;AT13;AT130;00000;00000000;2;SCG;348;370;1337;967;-22;327;349;6142;2008
AT1;AT13;AT130;00000;00000000;2;TUR;589;564;1076;512;25;236;211;4188;2008
AT1;AT13;AT130;00000;00000000;2;BIH;176;159;336;177;17;208;191;1844;2008
AT1;AT13;AT130;00000;00000000;2;HRV;110;121;377;256;-11;93;104;974;2008
AT1;AT13;AT130;00000;00000000;2;MKD;162;163;222;59;-1;35;36;549;2008
AT1;AT13;AT130;00000;00000000;2;RUS;657;203;396;193;454;631;177;904;2008
AT1;AT13;AT130;00000;00000000;2;CHN;32;-15;351;366;47;169;122;829;2008
AT1;AT13;AT130;00000;00000000;2;OTHER;1561;1227;4390;3163;334;977;643;6897;2008
AT1;AT13;AT130;00000;00000000;1;AUT;-2622;-996;2684;3680;-1626;9694;11320;37877;2008
AT1;AT13;AT130;00000;00000000;1;DEU;1195;1247;2441;1194;-52;401;453;2102;2008
AT1;AT13;AT130;00000;00000000;1;POL;-57;11;1347;1336;-68;126;194;1989;2008
AT1;AT13;AT130;00000;00000000;1;ROU;758;907;1847;940;-149;154;303;1150;2008
AT1;AT13;AT130;00000;00000000;1;SVK;26;79;530;451;-53;50;103;449;2008
AT1;AT13;AT130;00000;00000000;1;HUN;348;376;745;369;-28;105;133;474;2008
AT1;AT13;AT130;00000;00000000;1;BGR;460;461;845;384;-1;38;39;558;2008
AT1;AT13;AT130;00000;00000000;1;CZE;-10;22;185;163;-32;37;69;240;2008
AT1;AT13;AT130;00000;00000000;1;REST-EU;470;521;1926;1405;-51;167;218;1482;2008
AT1;AT13;AT130;00000;00000000;1;SCG;160;211;1948;1737;-51;410;461;6885;2008
AT1;AT13;AT130;00000;00000000;1;TUR;409;408;1412;1004;1;333;332;6177;2008
AT1;AT13;AT130;00000;00000000;1;BIH;102;86;415;329;16;201;185;2034;2008
AT1;AT13;AT130;00000;00000000;1;HRV;24;37;413;376;-13;97;110;1113;2008
AT1;AT13;AT130;00000;00000000;1;MKD;135;133;324;191;2;65;63;774;2008
AT1;AT13;AT130;00000;00000000;1;RUS;577;117;319;202;460;648;188;943;2008
AT1;AT13;AT130;00000;00000000;1;CHN;16;5;332;327;11;160;149;704;2008
AT1;AT13;AT130;00000;00000000;1;OTHER;1069;309;5079;4770;760;1929;1169;10457;2008
AT1;AT13;AT130;00000;00000000;2;AUT;-1202;-892;1190;2082;-310;10853;11163;36859;2009
AT1;AT13;AT130;00000;00000000;2;DEU;882;918;2070;1152;-36;383;419;2276;2009
AT1;AT13;AT130;00000;00000000;2;POL;279;359;1169;810;-80;126;206;2027;2009
AT1;AT13;AT130;00000;00000000;2;ROU;761;749;1690;941;12;244;232;1680;2009
AT1;AT13;AT130;00000;00000000;2;SVK;308;338;837;499;-30;118;148;1019;2009
AT1;AT13;AT130;00000;00000000;2;HUN;345;363;852;489;-18;157;175;717;2009
AT1;AT13;AT130;00000;00000000;2;BGR;315;328;862;534;-13;56;69;801;2009
AT1;AT13;AT130;00000;00000000;2;CZE;-4;48;252;204;-52;74;126;479;2009
AT1;AT13;AT130;00000;00000000;2;REST-EU;315;318;1619;1301;-3;152;155;1331;2009
AT1;AT13;AT130;00000;00000000;2;SCG;247;269;1324;1055;-22;318;340;5526;2009
AT1;AT13;AT130;00000;00000000;2;TUR;419;372;969;597;47;247;200;4052;2009
AT1;AT13;AT130;00000;00000000;2;BIH;102;28;238;210;74;252;178;1734;2009
AT1;AT13;AT130;00000;00000000;2;HRV;116;93;356;263;23;100;77;938;2009
AT1;AT13;AT130;00000;00000000;2;MKD;112;115;201;86;-3;47;50;540;2009
AT1;AT13;AT130;00000;00000000;2;RUS;689;193;463;270;496;648;152;1121;2009
AT1;AT13;AT130;00000;00000000;2;CHN;11;-5;433;438;16;144;128;884;2009
AT1;AT13;AT130;00000;00000000;2;OTHER;1429;870;4432;3562;559;1197;638;7140;2009
AT1;AT13;AT130;00000;00000000;1;AUT;-805;-830;2765;3595;25;10643;10618;37840;2009
AT1;AT13;AT130;00000;00000000;1;DEU;979;1033;2408;1375;-54;402;456;2295;2009
AT1;AT13;AT130;00000;00000000;1;POL;24;72;1341;1269;-48;116;164;1896;2009
AT1;AT13;AT130;00000;00000000;1;ROU;666;764;2161;1397;-98;170;268;1325;2009
AT1;AT13;AT130;00000;00000000;1;SVK;47;85;596;511;-38;66;104;439;2009
AT1;AT13;AT130;00000;00000000;1;HUN;198;232;850;618;-34;98;132;517;2009
AT1;AT13;AT130;00000;00000000;1;BGR;338;342;984;642;-4;33;37;616;2009
AT1;AT13;AT130;00000;00000000;1;CZE;-40;-5;184;189;-35;32;67;238;2009
AT1;AT13;AT130;00000;00000000;1;REST-EU;161;198;1927;1729;-37;199;236;1455;2009
AT1;AT13;AT130;00000;00000000;1;SCG;-87;-49;1821;1870;-38;373;411;6279;2009
AT1;AT13;AT130;00000;00000000;1;TUR;579;524;1586;1062;55;386;331;5714;2009
AT1;AT13;AT130;00000;00000000;1;BIH;63;25;375;350;38;237;199;1916;2009
AT1;AT13;AT130;00000;00000000;1;HRV;-30;-15;393;408;-15;79;94;970;2009
AT1;AT13;AT130;00000;00000000;1;MKD;-3;15;266;251;-18;56;74;799;2009
AT1;AT13;AT130;00000;00000000;1;RUS;512;96;368;272;416;589;173;1098;2009
AT1;AT13;AT130;00000;00000000;1;CHN;-23;-25;440;465;2;134;132;738;2009
AT1;AT13;AT130;00000;00000000;1;OTHER;1175;13;5408;5395;1162;2400;1238;11430;2009
AT1;AT13;AT130;00000;00000000;2;AUT;-720;-945;1294;2239;225;11118;10893;36265;2010
AT1;AT13;AT130;00000;00000000;2;DEU;1000;1040;2194;1154;-40;390;430;2464;2010
AT1;AT13;AT130;00000;00000000;2;POL;321;387;1186;799;-66;125;191;1900;2010
AT1;AT13;AT130;00000;00000000;2;ROU;1052;1054;2134;1080;-2;252;254;1904;2010
AT1;AT13;AT130;00000;00000000;2;SVK;265;273;853;580;-8;133;141;1025;2010
AT1;AT13;AT130;00000;00000000;2;HUN;368;378;954;576;-10;152;162;791;2010
AT1;AT13;AT130;00000;00000000;2;BGR;504;497;1053;556;7;62;55;884;2010
AT1;AT13;AT130;00000;00000000;2;CZE;14;43;242;199;-29;73;102;470;2010
AT1;AT13;AT130;00000;00000000;2;REST-EU;478;493;1837;1344;-15;181;196;1431;2010
AT1;AT13;AT130;00000;00000000;2;SCG;663;683;2172;1489;-20;343;363;5458;2010
AT1;AT13;AT130;00000;00000000;2;TUR;344;304;893;589;40;247;207;3528;2010
AT1;AT13;AT130;00000;00000000;2;BIH;125;67;247;180;58;239;181;1586;2010
AT1;AT13;AT130;00000;00000000;2;HRV;17;19;292;273;-2;95;97;863;2010
AT1;AT13;AT130;00000;00000000;2;MKD;142;146;295;149;-4;38;42;532;2010
AT1;AT13;AT130;00000;00000000;2;RUS;479;156;470;314;323;510;187;1221;2010
AT1;AT13;AT130;00000;00000000;2;CHN;-64;-78;348;426;14;134;120;788;2010
AT1;AT13;AT130;00000;00000000;2;OTHER;1156;660;4037;3377;496;1128;632;7137;2010
AT1;AT13;AT130;00000;00000000;1;AUT;-352;-759;2912;3671;407;10900;10493;37397;2010
AT1;AT13;AT130;00000;00000000;1;DEU;1094;1139;2552;1413;-45;432;477;2396;2010
AT1;AT13;AT130;00000;00000000;1;POL;349;390;1489;1099;-41;128;169;1907;2010
AT1;AT13;AT130;00000;00000000;1;ROU;637;760;2274;1514;-123;190;313;1661;2010
AT1;AT13;AT130;00000;00000000;1;SVK;-7;30;523;493;-37;67;104;488;2010
AT1;AT13;AT130;00000;00000000;1;HUN;276;281;930;649;-5;126;131;531;2010
AT1;AT13;AT130;00000;00000000;1;BGR;328;330;1067;737;-2;42;44;633;2010
AT1;AT13;AT130;00000;00000000;1;CZE;-33;3;156;153;-36;33;69;253;2010
AT1;AT13;AT130;00000;00000000;1;REST-EU;481;499;2192;1693;-18;201;219;1632;2010
AT1;AT13;AT130;00000;00000000;1;SCG;598;674;2986;2312;-76;339;415;6228;2010
AT1;AT13;AT130;00000;00000000;1;TUR;421;415;1508;1093;6;382;376;5502;2010
AT1;AT13;AT130;00000;00000000;1;BIH;53;30;392;362;23;221;198;1756;2010
AT1;AT13;AT130;00000;00000000;1;HRV;-8;7;403;396;-15;96;111;890;2010
AT1;AT13;AT130;00000;00000000;1;MKD;92;111;422;311;-19;60;79;715;2010
AT1;AT13;AT130;00000;00000000;1;RUS;372;94;375;281;278;466;188;1216;2010
AT1;AT13;AT130;00000;00000000;1;CHN;-98;-125;392;517;27;152;125;679;2010
AT1;AT13;AT130;00000;00000000;1;OTHER;630;-364;5112;5476;994;2200;1206;11554;2010
AT1;AT13;AT130;00000;00000000;2;AUT;-1123;-786;1085;1871;-337;10928;11265;36735;2011
AT1;AT13;AT130;00000;00000000;2;DEU;735;811;2167;1356;-76;396;472;2605;2011
AT1;AT13;AT130;00000;00000000;2;POL;823;894;1690;796;-71;137;208;2117;2011
AT1;AT13;AT130;00000;00000000;2;ROU;744;783;2124;1341;-39;235;274;2099;2011
AT1;AT13;AT130;00000;00000000;2;SVK;441;518;1124;606;-77;108;185;1103;2011
AT1;AT13;AT130;00000;00000000;2;HUN;488;484;1170;686;4;159;155;874;2011
AT1;AT13;AT130;00000;00000000;2;BGR;415;441;1028;587;-26;55;81;1022;2011
AT1;AT13;AT130;00000;00000000;2;CZE;-18;45;272;227;-63;62;125;459;2011
AT1;AT13;AT130;00000;00000000;2;REST-EU;500;493;2024;1531;7;221;214;1576;2011
AT1;AT13;AT130;00000;00000000;2;SCG;205;235;1750;1515;-30;347;377;5276;2011
AT1;AT13;AT130;00000;00000000;2;TUR;205;133;765;632;72;247;175;3460;2011
AT1;AT13;AT130;00000;00000000;2;BIH;280;199;417;218;81;252;171;1604;2011
AT1;AT13;AT130;00000;00000000;2;HRV;81;63;289;226;18;123;105;808;2011
AT1;AT13;AT130;00000;00000000;2;MKD;79;72;201;129;7;52;45;577;2011
AT1;AT13;AT130;00000;00000000;2;RUS;713;303;632;329;410;549;139;1492;2011
AT1;AT13;AT130;00000;00000000;2;CHN;115;63;419;356;52;165;113;809;2011
AT1;AT13;AT130;00000;00000000;2;OTHER;1461;765;4111;3346;696;1337;641;7689;2011
AT1;AT13;AT130;00000;00000000;1;AUT;-871;-680;2610;3290;-191;10816;11007;37470;2011
AT1;AT13;AT130;00000;00000000;1;DEU;681;781;2505;1724;-100;408;508;2694;2011
AT1;AT13;AT130;00000;00000000;1;POL;1260;1323;2614;1291;-63;134;197;2046;2011
AT1;AT13;AT130;00000;00000000;1;ROU;626;725;2391;1666;-99;204;303;1713;2011
AT1;AT13;AT130;00000;00000000;1;SVK;186;228;824;596;-42;66;108;504;2011
AT1;AT13;AT130;00000;00000000;1;HUN;437;494;1318;824;-57;115;172;667;2011
AT1;AT13;AT130;00000;00000000;1;BGR;291;321;1088;767;-30;36;66;789;2011
AT1;AT13;AT130;00000;00000000;1;CZE;36;63;255;192;-27;39;66;231;2011
AT1;AT13;AT130;00000;00000000;1;REST-EU;446;501;2410;1909;-55;237;292;1778;2011
AT1;AT13;AT130;00000;00000000;1;SCG;-78;22;2473;2451;-100;364;464;5854;2011
AT1;AT13;AT130;00000;00000000;1;TUR;256;190;1452;1262;66;370;304;5448;2011
AT1;AT13;AT130;00000;00000000;1;BIH;130;102;591;489;28;218;190;1881;2011
AT1;AT13;AT130;00000;00000000;1;HRV;13;19;356;337;-6;85;91;880;2011
AT1;AT13;AT130;00000;00000000;1;MKD;11;73;342;269;-62;61;123;751;2011
AT1;AT13;AT130;00000;00000000;1;RUS;431;77;393;316;354;515;161;1388;2011
AT1;AT13;AT130;00000;00000000;1;CHN;54;25;441;416;29;137;108;784;2011
AT1;AT13;AT130;00000;00000000;1;OTHER;1768;623;5514;4891;1145;2451;1306;12096;2011
AT1;AT13;AT130;00000;00000000;2;AUT;-121;-731;1155;1886;610;11831;11221;37343;2012
AT1;AT13;AT130;00000;00000000;2;DEU;1144;1208;2607;1399;-64;407;471;2598;2012
AT1;AT13;AT130;00000;00000000;2;POL;993;1054;1913;859;-61;157;218;2286;2012
AT1;AT13;AT130;00000;00000000;2;ROU;940;1009;2312;1303;-69;242;311;2150;2012
AT1;AT13;AT130;00000;00000000;2;SVK;588;650;1288;638;-62;151;213;1348;2012
AT1;AT13;AT130;00000;00000000;2;HUN;1011;1042;1742;700;-31;180;211;1134;2012
AT1;AT13;AT130;00000;00000000;2;BGR;593;587;1191;604;6;80;74;1028;2012
AT1;AT13;AT130;00000;00000000;2;CZE;84;110;354;244;-26;65;91;512;2012
AT1;AT13;AT130;00000;00000000;2;REST-EU;1099;1112;2613;1501;-13;228;241;1735;2012
AT1;AT13;AT130;00000;00000000;2;SCG;743;807;2092;1285;-64;311;375;5152;2012
AT1;AT13;AT130;00000;00000000;2;TUR;262;282;871;589;-20;248;268;3593;2012
AT1;AT13;AT130;00000;00000000;2;BIH;324;267;473;206;57;253;196;1623;2012
AT1;AT13;AT130;00000;00000000;2;HRV;137;114;334;220;23;117;94;835;2012
AT1;AT13;AT130;00000;00000000;2;MKD;135;137;251;114;-2;40;42;501;2012
AT1;AT13;AT130;00000;00000000;2;RUS;767;405;740;335;362;534;172;1690;2012
AT1;AT13;AT130;00000;00000000;2;CHN;212;196;493;297;16;143;127;907;2012
AT1;AT13;AT130;00000;00000000;2;OTHER;2761;1969;4901;2932;792;1487;695;8099;2012
AT1;AT13;AT130;00000;00000000;1;AUT;121;-700;2578;3278;821;11509;10688;38073;2012
AT1;AT13;AT130;00000;00000000;1;DEU;1114;1164;2812;1648;-50;418;468;2771;2012
AT1;AT13;AT130;00000;00000000;1;POL;1226;1305;2758;1453;-79;137;216;2424;2012
AT1;AT13;AT130;00000;00000000;1;ROU;562;749;2464;1715;-187;194;381;1868;2012
AT1;AT13;AT130;00000;00000000;1;SVK;368;424;1029;605;-56;80;136;627;2012
AT1;AT13;AT130;00000;00000000;1;HUN;798;832;1930;1098;-34;156;190;884;2012
AT1;AT13;AT130;00000;00000000;1;BGR;380;396;1142;746;-16;56;72;840;2012
AT1;AT13;AT130;00000;00000000;1;CZE;15;53;259;206;-38;37;75;249;2012
AT1;AT13;AT130;00000;00000000;1;REST-EU;1177;1217;3213;1996;-40;255;295;2034;2012
AT1;AT13;AT130;00000;00000000;1;SCG;525;676;2695;2019;-151;312;463;5794;2012
AT1;AT13;AT130;00000;00000000;1;TUR;164;177;1397;1220;-13;367;380;5546;2012
AT1;AT13;AT130;00000;00000000;1;BIH;268;264;668;404;4;212;208;1743;2012
AT1;AT13;AT130;00000;00000000;1;HRV;134;118;419;301;16;99;83;926;2012
AT1;AT13;AT130;00000;00000000;1;MKD;89;123;377;254;-34;51;85;727;2012
AT1;AT13;AT130;00000;00000000;1;RUS;511;156;520;364;355;522;167;1736;2012
AT1;AT13;AT130;00000;00000000;1;CHN;50;42;420;378;8;133;125;716;2012
AT1;AT13;AT130;00000;00000000;1;OTHER;3140;1907;6650;4743;1233;2768;1535;13150;2012
AT1;AT13;AT130;00000;00000000;2;AUT;-1427;-773;1184;1957;-654;10832;11486;35889;2013
AT1;AT13;AT130;00000;00000000;2;DEU;947;1048;2586;1538;-101;376;477;2885;2013
AT1;AT13;AT130;00000;00000000;2;POL;1083;1154;1966;812;-71;178;249;2470;2013
AT1;AT13;AT130;00000;00000000;2;ROU;814;905;2188;1283;-91;268;359;2092;2013
AT1;AT13;AT130;00000;00000000;2;SVK;656;743;1355;612;-87;147;234;1349;2013
AT1;AT13;AT130;00000;00000000;2;HUN;1392;1445;2267;822;-53;184;237;1494;2013
AT1;AT13;AT130;00000;00000000;2;BGR;454;461;1219;758;-7;64;71;1134;2013
AT1;AT13;AT130;00000;00000000;2;CZE;53;113;363;250;-60;59;119;540;2013
AT1;AT13;AT130;00000;00000000;2;REST-EU;953;1000;2842;1842;-47;208;255;1985;2013
AT1;AT13;AT130;00000;00000000;2;SCG;788;860;2176;1316;-72;303;375;5231;2013
AT1;AT13;AT130;00000;00000000;2;TUR;351;362;916;554;-11;248;259;3373;2013
AT1;AT13;AT130;00000;00000000;2;BIH;380;384;622;238;-4;218;222;1631;2013
AT1;AT13;AT130;00000;00000000;2;HRV;420;402;599;197;18;124;106;897;2013
AT1;AT13;AT130;00000;00000000;2;MKD;121;141;272;131;-20;44;64;573;2013
AT1;AT13;AT130;00000;00000000;2;RUS;618;330;777;447;288;480;192;1652;2013
AT1;AT13;AT130;00000;00000000;2;CHN;207;197;542;345;10;141;131;914;2013
AT1;AT13;AT130;00000;00000000;2;OTHER;2988;2255;5731;3476;733;1577;844;8639;2013
AT1;AT13;AT130;00000;00000000;1;AUT;-892;-809;2517;3326;-83;10774;10857;36931;2013
AT1;AT13;AT130;00000;00000000;1;DEU;884;998;2793;1795;-114;385;499;2767;2013
AT1;AT13;AT130;00000;00000000;1;POL;1374;1416;2799;1383;-42;167;209;2668;2013
AT1;AT13;AT130;00000;00000000;1;ROU;705;901;2447;1546;-196;219;415;1768;2013
AT1;AT13;AT130;00000;00000000;1;SVK;536;615;1249;634;-79;89;168;690;2013
AT1;AT13;AT130;00000;00000000;1;HUN;1361;1430;2443;1013;-69;175;244;1217;2013
AT1;AT13;AT130;00000;00000000;1;BGR;520;531;1309;778;-11;67;78;915;2013
AT1;AT13;AT130;00000;00000000;1;CZE;58;83;300;217;-25;46;71;255;2013
AT1;AT13;AT130;00000;00000000;1;REST-EU;1533;1538;3573;2035;-5;290;295;2261;2013
AT1;AT13;AT130;00000;00000000;1;SCG;620;774;2835;2061;-154;354;508;5846;2013
AT1;AT13;AT130;00000;00000000;1;TUR;186;229;1445;1216;-43;325;368;5243;2013
AT1;AT13;AT130;00000;00000000;1;BIH;415;454;899;445;-39;212;251;1874;2013
AT1;AT13;AT130;00000;00000000;1;HRV;558;567;860;293;-9;126;135;1027;2013
AT1;AT13;AT130;00000;00000000;1;MKD;155;210;432;222;-55;38;93;773;2013
AT1;AT13;AT130;00000;00000000;1;RUS;387;131;552;421;256;444;188;1547;2013
AT1;AT13;AT130;00000;00000000;1;CHN;119;84;424;340;35;160;125;762;2013
AT1;AT13;AT130;00000;00000000;1;OTHER;3394;2163;7232;5069;1231;2998;1767;13984;2013
